|100007365142|12000|R|Jpmorgan Chase Bank, Na|||8.0|8.0|75000.0||0.0|360|121999|22000|0.0|360.0|359.0|12030.0|79.0||1.0|62.0|763.0||N|R|SF|1|P|PA|0|173||FRM|N||||00||N||||||||||||||||||||||||||||||||N|||||||N||||||N||||||||||||||||N||||||100007365142-12000
|100007365142|22000|R|Jpmorgan Chase Bank, Na|||8.0|8.0|75000.0||0.0|360|121999|22000|1.0|359.0|358.0|12030.0|79.0||1.0|62.0|763.0||N|R|SF|1|P|PA|0|173||FRM|N||||00||N||||||||||||||||||||||||||||||||N|||||||N||||||N||||||||||||||||N||||||100007365142-22000
|100007365142|32000|R|Jpmorgan Chase Bank, Na|||8.0|8.0|75000.0||0.0|360|121999|22000|2.0|358.0|357.0|12030.0|79.0||1.0|62.0|763.0||N|R|SF|1|P|PA|0|173||FRM|N||||00||N||||||||||||||||||||||||||||||||N|||||||N||||||N||||||||||||||||N||||||100007365142-32000
|100007365142|42000|R|Jpmorgan Chase Bank, Na|||8.0|8.0|75000.0||0.0|360|121999|22000|3.0|357.0|356.0|12030.0|79.0||1.0|62.0|763.0||N|R|SF|1|P|PA|0|173||FRM|N||||00||N||||||||||||||||||||||||||||||||N|||||||N||||||N||||||||||||||||N||||||100007365142-42000
|100007365142|52000|R|Jpmorgan Chase Bank, Na|||8.0|8.0|75000.0||0.0|360|121999|22000|4.0|356.0|355.0|12030.0|79.0||1.0|62.0|763.0||N|R|SF|1|P|PA|0|173||FRM|N||||00||N||||||||||||||||||||||||||||||||N|||||||N||||||N||||||||||||||||N||||||100007365142-52000
|100007365142|62000|R|Jpmorgan Chase Bank, Na|||8.0|8.0|75000.0||0.0|360|121999|22000|5.0|355.0|355.0|12030.0|79.0||1.0|62.0|763.0||N|R|SF|1|P|PA|0|173||FRM|N||||00||N||||||||||||||||||||||||||||||||N|||||||N||||||N||||||||||||||||N||||||100007365142-62000
|100007365142|72000|R|Jpmorgan Chase Bank, Na|||8.0|8.0|75000.0||74693.0|360|121999|22000|6.0|354.0|354.0|12030.0|79.0||1.0|62.0|763.0||N|R|SF|1|P|PA|0|173||FRM|N||||00||N||||||||||||||||||||||||||||||||N|||||||N||||||N||||||||||||||||N||||||100007365142-72000
|100007365142|82000|R|Jpmorgan Chase Bank, Na|||8.0|8.0|75000.0||74587.91|360|121999|22000|7.0|353.0|352.0|12030.0|79.0||1.0|62.0|763.0||N|R|SF|1|P|PA|0|173||FRM|N||||00||N||||||||||||||||||||||||||||||||N|||||||N||||||N||||||||||||||||N||||||100007365142-82000
|100007365142|92000|R|Jpmorgan Chase Bank, Na|||8.0|8.0|75000.0||74534.84|360|121999|22000|8.0|352.0|351.0|12030.0|79.0||1.0|62.0|763.0||N|R|SF|1|P|PA|0|173||FRM|N||||00||N||||||||||||||||||||||||||||||||N|||||||N||||||N||||||||||||||||N||||||100007365142-92000
|100007365142|102000|R|Jpmorgan Chase Bank, Na|||8.0|8.0|75000.0||74481.42|360|121999|22000|9.0|351.0|350.0|12030.0|79.0||1.0|62.0|763.0||N|R|SF|1|P|PA|0|173||FRM|N||||00||N||||||||||||||||||||||||||||||||N|||||||N||||||N||||||||||||||||N||||||100007365142-102000
|100007365142|112000|R|Jpmorgan Chase Bank, Na|||8.0|8.0|75000.0||74427.64|360|121999|22000|10.0|350.0|349.0|12030.0|79.0||1.0|62.0|763.0||N|R|SF|1|P|PA|0|173||FRM|N||||00||N||||||||||||||||||||||||||||||||N|||||||N||||||N||||||||||||||||N||||||100007365142-112000
|100007365142|122000|R|Jpmorgan Chase Bank, Na|||8.0|8.0|75000.0||74427.64|360|121999|22000|11.0|349.0|349.0|12030.0|79.0||1.0|62.0|763.0||N|R|SF|1|P|PA|0|173||FRM|N||||00||N||||||||||||||||||||||||||||||||N|||||||N||||||N||||||||||||||||N||||||100007365142-122000
|100007365142|12001|R|Jpmorgan Chase Bank, Na|||8.0|8.0|75000.0||74319.0|360|121999|22000|12.0|348.0|347.0|12030.0|79.0||1.0|62.0|763.0||N|R|SF|1|P|PA|0|173||FRM|N||||00||N||||||||||||||||||||||||||||||||N|||||||N||||||N||||||||||||||||N||||||100007365142-12001
|100007365142|22001|R|Jpmorgan Chase Bank, Na|||8.0|8.0|75000.0||74264.14|360|121999|22000|13.0|347.0|346.0|12030.0|79.0||1.0|62.0|763.0||N|R|SF|1|P|PA|0|173||FRM|N||||00||N||||||||||||||||||||||||||||||||N|||||||N||||||N||||||||||||||||N||||||100007365142-22001
|100007365142|32001|R|Jpmorgan Chase Bank, Na|||8.0|8.0|75000.0||74208.91|360|121999|22000|14.0|346.0|345.0|12030.0|79.0||1.0|62.0|763.0||N|R|SF|1|P|PA|0|173||FRM|N||||00||N||||||||||||||||||||||||||||||||N|||||||N||||||N||||||||||||||||N||||||100007365142-32001
|100007365142|42001|R|Jpmorgan Chase Bank, Na|||8.0|8.0|75000.0||74153.32|360|121999|22000|15.0|345.0|344.0|12030.0|79.0||1.0|62.0|763.0||N|R|SF|1|P|PA|0|173||FRM|N||||00||N||||||||||||||||||||||||||||||||N|||||||N||||||N||||||||||||||||N||||||100007365142-42001
|100007365142|52001|R|Jpmorgan Chase Bank, Na|||8.0|8.0|75000.0||74153.32|360|121999|22000|16.0|344.0|344.0|12030.0|79.0||1.0|62.0|763.0||N|R|SF|1|P|PA|0|173||FRM|N||||00||N||||||||||||||||||||||||||||||||N|||||||N||||||N||||||||||||||||N||||||100007365142-52001
|100007365142|62001|R|Jpmorgan Chase Bank, Na|||8.0|8.0|75000.0||74097.36|360|121999|22000|17.0|343.0|343.0|12030.0|79.0||1.0|62.0|763.0||N|R|SF|1|P|PA|0|173||FRM|N||||00||N||||||||||||||||||||||||||||||||N|||||||N||||||N||||||||||||||||N||||||100007365142-62001
|100007365142|72001|R|Jpmorgan Chase Bank, Na|||8.0|8.0|75000.0||73984.31|360|121999|22000|18.0|342.0|341.0|12030.0|79.0||1.0|62.0|763.0||N|R|SF|1|P|PA|0|173||FRM|N||||00||N||||||||||||||||||||||||||||||||N|||||||N||||||N||||||||||||||||N||||||100007365142-72001
|100007365142|82001|R|Jpmorgan Chase Bank, Na|||8.0|8.0|75000.0||73926.71|360|121999|22000|19.0|341.0|340.0|12030.0|79.0||1.0|62.0|763.0||N|R|SF|1|P|PA|0|173||FRM|N||||00||N||||||||||||||||||||||||||||||||N|||||||N||||||N||||||||||||||||N||||||100007365142-82001
|100007365142|92001|R|Jpmorgan Chase Bank, Na|||8.0|8.0|75000.0||73869.23|360|121999|22000|20.0|340.0|339.0|12030.0|79.0||1.0|62.0|763.0||N|R|SF|1|P|PA|0|173||FRM|N||||00||N||||||||||||||||||||||||||||||||N|||||||N||||||N||||||||||||||||N||||||100007365142-92001
|100007365142|102001|R|Jpmorgan Chase Bank, Na|||8.0|8.0|75000.0||73811.37|360|121999|22000|21.0|339.0|338.0|12030.0|79.0||1.0|62.0|763.0||N|R|SF|1|P|PA|0|173||FRM|N||||00||N||||||||||||||||||||||||||||||||N|||||||N||||||N||||||||||||||||N||||||100007365142-102001
|100007365142|112001|R|Jpmorgan Chase Bank, Na|||8.0|8.0|75000.0||73753.13|360|121999|22000|22.0|338.0|337.0|12030.0|79.0||1.0|62.0|763.0||N|R|SF|1|P|PA|0|173||FRM|N||||00||N||||||||||||||||||||||||||||||||N|||||||N||||||N||||||||||||||||N||||||100007365142-112001
|100007365142|122001|R|Jpmorgan Chase Bank, Na|Jpmorgan Chase Bank, Na||8.0|8.0|75000.0||73694.5|360|121999|22000|23.0|337.0|336.0|12030.0|79.0||1.0|62.0|763.0||N|R|SF|1|P|PA|0|173||FRM|N||||00||N||||||||||||||||||||||||||||||||N|||||||N||||||N||||||||||||||||N||||||100007365142-122001
|100007365142|12002|R|Jpmorgan Chase Bank, Na|Jpmorgan Chase Bank, Na||8.0|8.0|75000.0||73635.48|360|121999|22000|24.0|336.0|335.0|12030.0|79.0||1.0|62.0|763.0||N|R|SF|1|P|PA|0|173||FRM|N||||00||N||||||||||||||||||||||||||||||||N|||||||N||||||N||||||||||||||||N||||||100007365142-12002
|100007365142|22002|R|Jpmorgan Chase Bank, Na|Jpmorgan Chase Bank, Na||8.0|8.0|75000.0||73576.06|360|121999|22000|25.0|335.0|334.0|12030.0|79.0||1.0|62.0|763.0||N|R|SF|1|P|PA|0|173||FRM|N||||00||N||||||||||||||||||||||||||||||||N|||||||N||||||N||||||||||||||||N||||||100007365142-22002
|100007365142|32002|R|Jpmorgan Chase Bank, Na|Jpmorgan Chase Bank, Na||8.0|8.0|75000.0||73516.25|360|121999|22000|26.0|334.0|333.0|12030.0|79.0||1.0|62.0|763.0||N|R|SF|1|P|PA|0|173||FRM|N||||00||N||||||||||||||||||||||||||||||||N|||||||N||||||N||||||||||||||||N||||||100007365142-32002
|100007365142|42002|R|Jpmorgan Chase Bank, Na|Jpmorgan Chase Bank, Na||8.0|8.0|75000.0||73456.04|360|121999|22000|27.0|333.0|332.0|12030.0|79.0||1.0|62.0|763.0||N|R|SF|1|P|PA|0|173||FRM|N||||00||N||||||||||||||||||||||||||||||||N|||||||N||||||N||||||||||||||||N||||||100007365142-42002
|100007365142|52002|R|Jpmorgan Chase Bank, Na|Jpmorgan Chase Bank, Na||8.0|8.0|75000.0||73395.43|360|121999|22000|28.0|332.0|331.0|12030.0|79.0||1.0|62.0|763.0||N|R|SF|1|P|PA|0|173||FRM|N||||00||N||||||||||||||||||||||||||||||||N|||||||N||||||N||||||||||||||||N||||||100007365142-52002
|100007365142|62002|R|Jpmorgan Chase Bank, Na|Jpmorgan Chase Bank, Na||8.0|8.0|75000.0||73395.43|360|121999|22000|29.0|331.0|331.0|12030.0|79.0||1.0|62.0|763.0||N|R|SF|1|P|PA|0|173||FRM|N||||00||N||||||||||||||||||||||||||||||||N|||||||N||||||N||||||||||||||||N||||||100007365142-62002
|100007365142|72002|R|Jpmorgan Chase Bank, Na|Jpmorgan Chase Bank, Na||8.0|8.0|75000.0||73334.41|360|121999|22000|30.0|330.0|330.0|12030.0|79.0||1.0|62.0|763.0||N|R|SF|1|P|PA|0|173||FRM|N||||00||N||||||||||||||||||||||||||||||||N|||||||N||||||N||||||||||||||||N||||||100007365142-72002
|100007365142|82002|R|Jpmorgan Chase Bank, Na|Jpmorgan Chase Bank, Na||8.0|8.0|75000.0||73272.99|360|121999|22000|31.0|329.0|329.0|12030.0|79.0||1.0|62.0|763.0||N|R|SF|1|P|PA|0|173||FRM|N||||00||N||||||||||||||||||||||||||||||||N|||||||N||||||N||||||||||||||||N||||||100007365142-82002
|100007365142|92002|R|Jpmorgan Chase Bank, Na|Jpmorgan Chase Bank, Na||8.0|8.0|75000.0||73148.91|360|121999|22000|32.0|328.0|327.0|12030.0|79.0||1.0|62.0|763.0||N|R|SF|1|P|PA|0|173||FRM|N||||00||N||||||||||||||||||||||||||||||||N|||||||N||||||N||||||||||||||||N||||||100007365142-92002
|100007365142|102002|R|Jpmorgan Chase Bank, Na|Jpmorgan Chase Bank, Na||8.0|8.0|75000.0||73086.25|360|121999|22000|33.0|327.0|326.0|12030.0|79.0||1.0|62.0|763.0||N|R|SF|1|P|PA|0|173||FRM|N||||00||N||||||||||||||||||||||||||||||||N|||||||N||||||N||||||||||||||||N||||||100007365142-102002
|100007365142|112002|R|Jpmorgan Chase Bank, Na|Jpmorgan Chase Bank, Na||8.0|8.0|75000.0||73086.25|360|121999|22000|34.0|326.0|326.0|12030.0|79.0||1.0|62.0|763.0||N|R|SF|1|P|PA|0|173||FRM|N||||00||N||||||||||||||||||||||||||||||||N|||||||N||||||N||||||||||||||||N||||||100007365142-112002
|100007365142|122002|R|Jpmorgan Chase Bank, Na|Jpmorgan Chase Bank, Na||8.0|8.0|75000.0||72909.67|360|121999|22000|35.0|325.0|323.0|12030.0|79.0||1.0|62.0|763.0||N|R|SF|1|P|PA|0|173||FRM|N||||00||N||||||||||||||||||||||||||||||||N|||||||N||||||N||||||||||||||||N||||||100007365142-122002
|100007365142|12003|R|Jpmorgan Chase Bank, Na|Jpmorgan Chase Bank, Na||8.0|8.0|75000.0||72795.41|360|121999|22000|36.0|324.0|322.0|12030.0|79.0||1.0|62.0|763.0||N|R|SF|1|P|PA|0|173||FRM|N||||00||N||||||||||||||||||||||||||||||||N|||||||N||||||N||||||||||||||||N||||||100007365142-12003
|100007365142|22003|R|Jpmorgan Chase Bank, Na|Jpmorgan Chase Bank, Na||8.0|8.0|75000.0||72680.39|360|121999|22000|37.0|323.0|320.0|12030.0|79.0||1.0|62.0|763.0||N|R|SF|1|P|PA|0|173||FRM|N||||00||N||||||||||||||||||||||||||||||||N|||||||N||||||N||||||||||||||||N||||||100007365142-22003
|100007365142|32003|R|Jpmorgan Chase Bank, Na|Jpmorgan Chase Bank, Na||8.0|8.0|75000.0||72564.61|360|121999|22000|38.0|322.0|318.0|12030.0|79.0||1.0|62.0|763.0||N|R|SF|1|P|PA|0|173||FRM|N||||00||N||||||||||||||||||||||||||||||||N|||||||N||||||N||||||||||||||||N||||||100007365142-32003
|100007365142|42003|R|Jpmorgan Chase Bank, Na|||8.0||75000.0||0.0|360|121999|22000|||||79.0||1.0|62.0|763.0||N|R|SF|1|P|PA|0|173||FRM|N||||XX||||1.0|42003.0|72564.61|||||||||||||||||||||||||||||||||||N||||||N||||||||||||||||N||N||||100007365142-42003
|100007386460|22000|B|Jpmorgan Chase Bank, Na|||7.875|7.875|55000.0||0.0|180|12000|32000|0.0|180.0|180.0|22015.0|69.0||1.0|12.0|633.0||N|R|CO|1|P|MD|47900|208||FRM|N||||00||N||||||||||||||||||||||||||||||||N|||||||N||||||N||||||||||||||||N||||||100007386460-22000
|100007386460|32000|B|Jpmorgan Chase Bank, Na|||7.875|7.875|55000.0||0.0|180|12000|32000|1.0|179.0|178.0|22015.0|69.0||1.0|12.0|633.0||N|R|CO|1|P|MD|47900|208||FRM|N||||00||N||||||||||||||||||||||||||||||||N|||||||N||||||N||||||||||||||||N||||||100007386460-32000
|100007386460|42000|B|Jpmorgan Chase Bank, Na|||7.875|7.875|55000.0||0.0|180|12000|32000|2.0|178.0|178.0|22015.0|69.0||1.0|12.0|633.0||N|R|CO|1|P|MD|47900|208||FRM|N||||00||N||||||||||||||||||||||||||||||||N|||||||N||||||N||||||||||||||||N||||||100007386460-42000
|100007386460|52000|B|Jpmorgan Chase Bank, Na|||7.875|7.875|55000.0||0.0|180|12000|32000|3.0|177.0|177.0|22015.0|69.0||1.0|12.0|633.0||N|R|CO|1|P|MD|47900|208||FRM|N||||00||N||||||||||||||||||||||||||||||||N|||||||N||||||N||||||||||||||||N||||||100007386460-52000
|100007386460|62000|B|Jpmorgan Chase Bank, Na|||7.875|7.875|55000.0||0.0|180|12000|32000|4.0|176.0|176.0|22015.0|69.0||1.0|12.0|633.0||N|R|CO|1|P|MD|47900|208||FRM|N||||00||N||||||||||||||||||||||||||||||||N|||||||N||||||N||||||||||||||||N||||||100007386460-62000
|100007386460|72000|B|Jpmorgan Chase Bank, Na|||7.875|7.875|55000.0||0.0|180|12000|32000|5.0|175.0|175.0|22015.0|69.0||1.0|12.0|633.0||N|R|CO|1|P|MD|47900|208||FRM|N||||00||N||||||||||||||||||||||||||||||||N|||||||N||||||N||||||||||||||||N||||||100007386460-72000
|100007386460|82000|B|Jpmorgan Chase Bank, Na|||7.875|7.875|55000.0||54204.18|180|12000|32000|6.0|174.0|174.0|22015.0|69.0||1.0|12.0|633.0||N|R|CO|1|P|MD|47900|208||FRM|N||||00||N||||||||||||||||||||||||||||||||N|||||||N||||||N||||||||||||||||N||||||100007386460-82000
|100007386460|92000|B|Jpmorgan Chase Bank, Na|||7.875|7.875|55000.0||54036.34|180|12000|32000|7.0|173.0|173.0|22015.0|69.0||1.0|12.0|633.0||N|R|CO|1|P|MD|47900|208||FRM|N||||00||N||||||||||||||||||||||||||||||||N|||||||N||||||N||||||||||||||||N||||||100007386460-92000
|100007386460|102000|B|Jpmorgan Chase Bank, Na|||7.875|7.875|55000.0||53867.4|180|12000|32000|8.0|172.0|172.0|22015.0|69.0||1.0|12.0|633.0||N|R|CO|1|P|MD|47900|208||FRM|N||||00||N||||||||||||||||||||||||||||||||N|||||||N||||||N||||||||||||||||N||||||100007386460-102000
|100007386460|112000|B|Jpmorgan Chase Bank, Na|||7.875|7.875|55000.0||53697.35|180|12000|32000|9.0|171.0|171.0|22015.0|69.0||1.0|12.0|633.0||N|R|CO|1|P|MD|47900|208||FRM|N||||00||N||||||||||||||||||||||||||||||||N|||||||N||||||N||||||||||||||||N||||||100007386460-112000
|100007386460|122000|B|Jpmorgan Chase Bank, Na|||7.875|7.875|55000.0||53526.19|180|12000|32000|10.0|170.0|170.0|22015.0|69.0||1.0|12.0|633.0||N|R|CO|1|P|MD|47900|208||FRM|N||||00||N||||||||||||||||||||||||||||||||N|||||||N||||||N||||||||||||||||N||||||100007386460-122000
|100007386460|12001|B|Jpmorgan Chase Bank, Na|||7.875|7.875|55000.0||53353.91|180|12000|32000|11.0|169.0|169.0|22015.0|69.0||1.0|12.0|633.0||N|R|CO|1|P|MD|47900|208||FRM|N||||00||N||||||||||||||||||||||||||||||||N|||||||N||||||N||||||||||||||||N||||||100007386460-12001
|100007386460|22001|B|Jpmorgan Chase Bank, Na|||7.875|7.875|55000.0||53180.5|180|12000|32000|12.0|168.0|168.0|22015.0|69.0||1.0|12.0|633.0||N|R|CO|1|P|MD|47900|208||FRM|N||||00||N||||||||||||||||||||||||||||||||N|||||||N||||||N||||||||||||||||N||||||100007386460-22001
|100007386460|32001|B|Jpmorgan Chase Bank, Na|||7.875|7.875|55000.0||53005.95|180|12000|32000|13.0|167.0|167.0|22015.0|69.0||1.0|12.0|633.0||N|R|CO|1|P|MD|47900|208||FRM|N||||00||N||||||||||||||||||||||||||||||||N|||||||N||||||N||||||||||||||||N||||||100007386460-32001
|100007386460|42001|B|Jpmorgan Chase Bank, Na|||7.875|7.875|55000.0||52830.25|180|12000|32000|14.0|166.0|166.0|22015.0|69.0||1.0|12.0|633.0||N|R|CO|1|P|MD|47900|208||FRM|N||||00||N||||||||||||||||||||||||||||||||N|||||||N||||||N||||||||||||||||N||||||100007386460-42001
|100007386460|52001|B|Jpmorgan Chase Bank, Na|||7.875||55000.0||0.0|180|12000|32000|||||69.0||1.0|12.0|633.0||N|R|CO|1|P|MD|47900|208||FRM|N||||XX||||1.0|52001.0|52830.25|||||||||||||||||||||||||||||||||||N||||||N||||||||||||||||N||N||||100007386460-52001
|100011322040|12000|C|Amtrust Bank|||7.75|7.75|123000.0||0.0|360|111999|12000|1.0|359.0|358.0|122029.0|80.0||1.0|28.0|750.0||N|P|SF|1|P|MO|41180|630||FRM|N||||00||N||||||||||||||||||||||||||||||||N|||||||N||||||N||||||||||||||||N||||||100011322040-12000
|100011322040|22000|C|Amtrust Bank|||7.75|7.75|123000.0||0.0|360|111999|12000|2.0|358.0|358.0|122029.0|80.0||1.0|28.0|750.0||N|P|SF|1|P|MO|41180|630||FRM|N||||00||N||||||||||||||||||||||||||||||||N|||||||N||||||N||||||||||||||||N||||||100011322040-22000
|100011322040|32000|C|Amtrust Bank|||7.75|7.75|123000.0||0.0|360|111999|12000|3.0|357.0|356.0|122029.0|80.0||1.0|28.0|750.0||N|P|SF|1|P|MO|41180|630||FRM|N||||00||N||||||||||||||||||||||||||||||||N|||||||N||||||N||||||||||||||||N||||||100011322040-32000
|100011322040|42000|C|Amtrust Bank|||7.75|7.75|123000.0||0.0|360|111999|12000|4.0|356.0|355.0|122029.0|80.0||1.0|28.0|750.0||N|P|SF|1|P|MO|41180|630||FRM|N||||00||N||||||||||||||||||||||||||||||||N|||||||N||||||N||||||||||||||||N||||||100011322040-42000
|100011322040|52000|C|Amtrust Bank|||7.75|7.75|123000.0||0.0|360|111999|12000|5.0|355.0|355.0|122029.0|80.0||1.0|28.0|750.0||N|P|SF|1|P|MO|41180|630||FRM|N||||00||N||||||||||||||||||||||||||||||||N|||||||N||||||N||||||||||||||||N||||||100011322040-52000
|100011322040|62000|C|Amtrust Bank|||7.75|7.75|123000.0||0.0|360|111999|12000|6.0|354.0|354.0|122029.0|80.0||1.0|28.0|750.0||N|P|SF|1|P|MO|41180|630||FRM|N||||00||N||||||||||||||||||||||||||||||||N|||||||N||||||N||||||||||||||||N||||||100011322040-62000
|100011322040|72000|C|Amtrust Bank|||7.75|7.75|123000.0||122289.58|360|111999|12000|7.0|353.0|352.0|122029.0|80.0||1.0|28.0|750.0||N|P|SF|1|P|MO|41180|630||FRM|N||||00||N||||||||||||||||||||||||||||||||N|||||||N||||||N||||||||||||||||N||||||100011322040-72000
|100011322040|82000|C|Amtrust Bank|||7.75|7.75|123000.0||122198.18|360|111999|12000|8.0|352.0|351.0|122029.0|80.0||1.0|28.0|750.0||N|P|SF|1|P|MO|41180|630||FRM|N||||00||N||||||||||||||||||||||||||||||||N|||||||N||||||N||||||||||||||||N||||||100011322040-82000
|100011322040|92000|C|Amtrust Bank|||7.75|7.75|123000.0||122106.19|360|111999|12000|9.0|351.0|350.0|122029.0|80.0||1.0|28.0|750.0||N|P|SF|1|P|MO|41180|630||FRM|N||||00||N||||||||||||||||||||||||||||||||N|||||||N||||||N||||||||||||||||N||||||100011322040-92000
|100011322040|102000|C|Amtrust Bank|||7.75|7.75|123000.0||122106.19|360|111999|12000|10.0|350.0|350.0|122029.0|80.0||1.0|28.0|750.0||N|P|SF|1|P|MO|41180|630||FRM|N||||00||N||||||||||||||||||||||||||||||||N|||||||N||||||N||||||||||||||||N||||||100011322040-102000
|100011322040|112000|C|Amtrust Bank|||7.75|7.75|123000.0||122013.6|360|111999|12000|11.0|349.0|349.0|122029.0|80.0||1.0|28.0|750.0||N|P|SF|1|P|MO|41180|630||FRM|N||||00||N||||||||||||||||||||||||||||||||N|||||||N||||||N||||||||||||||||N||||||100011322040-112000
|100011322040|122000|C|Amtrust Bank|||7.75|7.75|123000.0||121920.41|360|111999|12000|12.0|348.0|348.0|122029.0|80.0||1.0|28.0|750.0||N|P|SF|1|P|MO|41180|630||FRM|N||||00||N||||||||||||||||||||||||||||||||N|||||||N||||||N||||||||||||||||N||||||100011322040-122000
|100011322040|12001|C|Amtrust Bank|||7.75|7.75|123000.0||121732.23|360|111999|12000|13.0|347.0|346.0|122029.0|80.0||1.0|28.0|750.0||N|P|SF|1|P|MO|41180|630||FRM|N||||00||N||||||||||||||||||||||||||||||||N|||||||N||||||N||||||||||||||||N||||||100011322040-12001
|100011322040|22001|C|Amtrust Bank|||7.75|7.75|123000.0||121732.23|360|111999|12000|14.0|346.0|346.0|122029.0|80.0||1.0|28.0|750.0||N|P|SF|1|P|MO|41180|630||FRM|N||||00||N||||||||||||||||||||||||||||||||N|||||||N||||||N||||||||||||||||N||||||100011322040-22001
|100011322040|32001|C|Amtrust Bank|||7.75|7.75|123000.0||121541.61|360|111999|12000|15.0|345.0|344.0|122029.0|80.0||1.0|28.0|750.0||N|P|SF|1|P|MO|41180|630||FRM|N||||00||N||||||||||||||||||||||||||||||||N|||||||N||||||N||||||||||||||||N||||||100011322040-32001
|100011322040|42001|C|Amtrust Bank|||7.75|7.75|123000.0||121445.38|360|111999|12000|16.0|344.0|343.0|122029.0|80.0||1.0|28.0|750.0||N|P|SF|1|P|MO|41180|630||FRM|N||||00||N||||||||||||||||||||||||||||||||N|||||||N||||||N||||||||||||||||N||||||100011322040-42001
|100011322040|52001|C|Amtrust Bank|||7.75|7.75|123000.0||121445.38|360|111999|12000|17.0|343.0|343.0|122029.0|80.0||1.0|28.0|750.0||N|P|SF|1|P|MO|41180|630||FRM|N||||00||N||||||||||||||||||||||||||||||||N|||||||N||||||N||||||||||||||||N||||||100011322040-52001
|100011322040|62001|C|Amtrust Bank|||7.75|7.75|123000.0||121348.52|360|111999|12000|18.0|342.0|342.0|122029.0|80.0||1.0|28.0|750.0||N|P|SF|1|P|MO|41180|630||FRM|N||||00||N||||||||||||||||||||||||||||||||N|||||||N||||||N||||||||||||||||N||||||100011322040-62001
|100011322040|72001|C|Amtrust Bank|||7.75|7.75|123000.0||121251.04|360|111999|12000|19.0|341.0|341.0|122029.0|80.0||1.0|28.0|750.0||N|P|SF|1|P|MO|41180|630||FRM|N||||00||N||||||||||||||||||||||||||||||||N|||||||N||||||N||||||||||||||||N||||||100011322040-72001
|100011322040|82001|C|Amtrust Bank|||7.75|7.75|123000.0||121152.93|360|111999|12000|20.0|340.0|340.0|122029.0|80.0||1.0|28.0|750.0||N|P|SF|1|P|MO|41180|630||FRM|N||||00||N||||||||||||||||||||||||||||||||N|||||||N||||||N||||||||||||||||N||||||100011322040-82001
|100011322040|92001|C|Amtrust Bank|||7.75|7.75|123000.0||121054.19|360|111999|12000|21.0|339.0|339.0|122029.0|80.0||1.0|28.0|750.0||N|P|SF|1|P|MO|41180|630||FRM|N||||00||N||||||||||||||||||||||||||||||||N|||||||N||||||N||||||||||||||||N||||||100011322040-92001
|100011322040|102001|C|Amtrust Bank|||7.75|7.75|123000.0||120954.81|360|111999|12000|22.0|338.0|338.0|122029.0|80.0||1.0|28.0|750.0||N|P|SF|1|P|MO|41180|630||FRM|N||||00||N||||||||||||||||||||||||||||||||N|||||||N||||||N||||||||||||||||N||||||100011322040-102001
|100011322040|112001|C|Amtrust Bank|||7.75|7.75|123000.0||120854.79|360|111999|12000|23.0|337.0|337.0|122029.0|80.0||1.0|28.0|750.0||N|P|SF|1|P|MO|41180|630||FRM|N||||00||N||||||||||||||||||||||||||||||||N|||||||N||||||N||||||||||||||||N||||||100011322040-112001
|100011322040|122001|C|Amtrust Bank|Jpmorgan Chase Bank, National Association||7.75|7.75|123000.0||120754.12|360|111999|12000|24.0|336.0|336.0|122029.0|80.0||1.0|28.0|750.0||N|P|SF|1|P|MO|41180|630||FRM|N||||00||N||||||||||||||||||||||||||||||||N|||||||N||||||N||||||||||||||||N||||||100011322040-122001
|100011322040|12002|C|Amtrust Bank|Jpmorgan Chase Bank, National Association||7.75|7.75|123000.0||120652.8|360|111999|12000|25.0|335.0|335.0|122029.0|80.0||1.0|28.0|750.0||N|P|SF|1|P|MO|41180|630||FRM|N||||00||N||||||||||||||||||||||||||||||||N|||||||N||||||N||||||||||||||||N||||||100011322040-12002
|100011322040|22002|C|Amtrust Bank|Jpmorgan Chase Bank, National Association||7.75|7.75|123000.0||120550.83|360|111999|12000|26.0|334.0|334.0|122029.0|80.0||1.0|28.0|750.0||N|P|SF|1|P|MO|41180|630||FRM|N||||00||N||||||||||||||||||||||||||||||||N|||||||N||||||N||||||||||||||||N||||||100011322040-22002
|100011322040|32002|C|Amtrust Bank|Jpmorgan Chase Bank, National Association||7.75|7.75|123000.0||120448.2|360|111999|12000|27.0|333.0|333.0|122029.0|80.0||1.0|28.0|750.0||N|P|SF|1|P|MO|41180|630||FRM|N||||00||N||||||||||||||||||||||||||||||||N|||||||N||||||N||||||||||||||||N||||||100011322040-32002
|100011322040|42002|C|Amtrust Bank|Jpmorgan Chase Bank, National Association||7.75|7.75|123000.0||120344.9|360|111999|12000|28.0|332.0|332.0|122029.0|80.0||1.0|28.0|750.0||N|P|SF|1|P|MO|41180|630||FRM|N||||00||N||||||||||||||||||||||||||||||||N|||||||N||||||N||||||||||||||||N||||||100011322040-42002
|100011322040|52002|C|Amtrust Bank|Jpmorgan Chase Bank, National Association||7.75|7.75|123000.0||120240.94|360|111999|12000|29.0|331.0|331.0|122029.0|80.0||1.0|28.0|750.0||N|P|SF|1|P|MO|41180|630||FRM|N||||00||N||||||||||||||||||||||||||||||||N|||||||N||||||N||||||||||||||||N||||||100011322040-52002
|100011322040|62002|C|Amtrust Bank|Jpmorgan Chase Bank, National Association||7.75|7.75|123000.0||120031.0|360|111999|12000|30.0|330.0|329.0|122029.0|80.0||1.0|28.0|750.0||N|P|SF|1|P|MO|41180|630||FRM|N||||00||N||||||||||||||||||||||||||||||||N|||||||N||||||N||||||||||||||||N||||||100011322040-62002
|100011322040|72002|C|Amtrust Bank|Jpmorgan Chase Bank, National Association||7.75|7.75|123000.0||119925.01|360|111999|12000|31.0|329.0|328.0|122029.0|80.0||1.0|28.0|750.0||N|P|SF|1|P|MO|41180|630||FRM|N||||00||N||||||||||||||||||||||||||||||||N|||||||N||||||N||||||||||||||||N||||||100011322040-72002
|100011322040|82002|C|Amtrust Bank|Jpmorgan Chase Bank, National Association||7.75|7.75|123000.0||119925.01|360|111999|12000|32.0|328.0|328.0|122029.0|80.0||1.0|28.0|750.0||N|P|SF|1|P|MO|41180|630||FRM|N||||00||N||||||||||||||||||||||||||||||||N|||||||N||||||N||||||||||||||||N||||||100011322040-82002
|100011322040|92002|C|Amtrust Bank|Jpmorgan Chase Bank, National Association||7.75|7.75|123000.0||119818.34|360|111999|12000|33.0|327.0|327.0|122029.0|80.0||1.0|28.0|750.0||N|P|SF|1|P|MO|41180|630||FRM|N||||00||N||||||||||||||||||||||||||||||||N|||||||N||||||N||||||||||||||||N||||||100011322040-92002
|100011322040|102002|C|Amtrust Bank|Jpmorgan Chase Bank, National Association||7.75|7.75|123000.0||119602.92|360|111999|12000|34.0|326.0|325.0|122029.0|80.0||1.0|28.0|750.0||N|P|SF|1|P|MO|41180|630||FRM|N||||00||N||||||||||||||||||||||||||||||||N|||||||N||||||N||||||||||||||||N||||||100011322040-102002
|100011322040|112002|C|Amtrust Bank|Jpmorgan Chase Bank, National Association||7.75|7.75|123000.0||119494.17|360|111999|12000|35.0|325.0|324.0|122029.0|80.0||1.0|28.0|750.0||N|P|SF|1|P|MO|41180|630||FRM|N||||00||N||||||||||||||||||||||||||||||||N|||||||N||||||N||||||||||||||||N||||||100011322040-112002
|100011322040|122002|C|Amtrust Bank|Jpmorgan Chase Bank, National Association||7.75|7.75|123000.0||119494.17|360|111999|12000|36.0|324.0|324.0|122029.0|80.0||1.0|28.0|750.0||N|P|SF|1|P|MO|41180|630||FRM|N||||00||N||||||||||||||||||||||||||||||||N|||||||N||||||N||||||||||||||||N||||||100011322040-122002
|100011322040|12003|C|Amtrust Bank|Jpmorgan Chase Bank, National Association||7.75|7.75|123000.0||119274.55|360|111999|12000|37.0|323.0|322.0|122029.0|80.0||1.0|28.0|750.0||N|P|SF|1|P|MO|41180|630||FRM|N||||00||N||||||||||||||||||||||||||||||||N|||||||N||||||N||||||||||||||||N||||||100011322040-12003
|100011322040|22003|C|Amtrust Bank|Jpmorgan Chase Bank, National Association||7.75|7.75|123000.0||119274.55|360|111999|12000|38.0|322.0|322.0|122029.0|80.0||1.0|28.0|750.0||N|P|SF|1|P|MO|41180|630||FRM|N||||00||N||||||||||||||||||||||||||||||||N|||||||N||||||N||||||||||||||||N||||||100011322040-22003
|100011322040|32003|C|Amtrust Bank|Jpmorgan Chase Bank, National Association||7.75|7.75|123000.0||119163.67|360|111999|12000|39.0|321.0|321.0|122029.0|80.0||1.0|28.0|750.0||N|P|SF|1|P|MO|41180|630||FRM|N||||00||N||||||||||||||||||||||||||||||||N|||||||N||||||N||||||||||||||||N||||||100011322040-32003
|100011322040|42003|C|Amtrust Bank|||7.75||123000.0||0.0|360|111999|12000|||||80.0||1.0|28.0|750.0||N|P|SF|1|P|MO|41180|630||FRM|N||||XX||||1.0|42003.0|119163.67|||||||||||||||||||||||||||||||||||N||||||N||||||||||||||||N||N||||100011322040-42003
|100015192562|32000|R|Other|||8.5|8.5|51000.0||0.0|360|22000|42000|0.0|360.0|359.0|32030.0|95.0||1.0|27.0|686.0||N|P|SF|1|P|GA|46660|316|25.0|FRM|N||||00||N|||||||||||||||||||||||||||||||1.0|N|||||||N||||||N||||||||||||||||N||||||100015192562-32000
|100015192562|42000|R|Other|||8.5|8.5|51000.0||0.0|360|22000|42000|1.0|359.0|359.0|32030.0|95.0||1.0|27.0|686.0||N|P|SF|1|P|GA|46660|316|25.0|FRM|N||||00||N|||||||||||||||||||||||||||||||1.0|N|||||||N||||||N||||||||||||||||N||||||100015192562-42000
|100015192562|52000|R|Other|||8.5|8.5|51000.0||0.0|360|22000|42000|2.0|358.0|358.0|32030.0|95.0||1.0|27.0|686.0||N|P|SF|1|P|GA|46660|316|25.0|FRM|N||||00||N|||||||||||||||||||||||||||||||1.0|N|||||||N||||||N||||||||||||||||N||||||100015192562-52000
|100015192562|62000|R|Other|||8.5|8.5|51000.0||0.0|360|22000|42000|3.0|357.0|357.0|32030.0|95.0||1.0|27.0|686.0||N|P|SF|1|P|GA|46660|316|25.0|FRM|N||||00||N|||||||||||||||||||||||||||||||1.0|N|||||||N||||||N||||||||||||||||N||||||100015192562-62000
|100015192562|72000|R|Other|||8.5|8.5|51000.0||0.0|360|22000|42000|4.0|356.0|356.0|32030.0|95.0||1.0|27.0|686.0||N|P|SF|1|P|GA|46660|316|25.0|FRM|N||||00||N|||||||||||||||||||||||||||||||1.0|N|||||||N||||||N||||||||||||||||N||||||100015192562-72000
|100015192562|82000|R|Other|||8.5|8.5|51000.0||0.0|360|22000|42000|5.0|355.0|355.0|32030.0|95.0||1.0|27.0|686.0||N|P|SF|1|P|GA|46660|316|25.0|FRM|N||||00||N|||||||||||||||||||||||||||||||1.0|N|||||||N||||||N||||||||||||||||N||||||100015192562-82000
|100015192562|92000|R|Other|||8.5|8.5|51000.0||51110.22|360|22000|42000|6.0|354.0|354.0|32030.0|95.0||1.0|27.0|686.0||N|P|SF|1|P|GA|46660|316|25.0|FRM|N||||00||N|||||||||||||||||||||||||||||||1.0|N|||||||N||||||N||||||||||||||||N||||||100015192562-92000
|100015192562|102000|R|Other|||8.5|8.5|51000.0||51077.8|360|22000|42000|7.0|353.0|353.0|32030.0|95.0||1.0|27.0|686.0||N|P|SF|1|P|GA|46660|316|25.0|FRM|N||||00||N|||||||||||||||||||||||||||||||1.0|N|||||||N||||||N||||||||||||||||N||||||100015192562-102000
|100015192562|112000|R|Other|||8.5|8.5|51000.0||51045.15|360|22000|42000|8.0|352.0|352.0|32030.0|95.0||1.0|27.0|686.0||N|P|SF|1|P|GA|46660|316|25.0|FRM|N||||00||N|||||||||||||||||||||||||||||||1.0|N|||||||N||||||N||||||||||||||||N||||||100015192562-112000
|100015192562|122000|R|Other|||8.5|8.5|51000.0||51012.27|360|22000|42000|9.0|351.0|351.0|32030.0|95.0||1.0|27.0|686.0||N|P|SF|1|P|GA|46660|316|25.0|FRM|N||||00||N|||||||||||||||||||||||||||||||1.0|N|||||||N||||||N||||||||||||||||N||||||100015192562-122000
|100015192562|12001|R|Other|||8.5|8.5|51000.0||50630.16|360|22000|42000|10.0|350.0|340.0|32030.0|95.0||1.0|27.0|686.0||N|P|SF|1|P|GA|46660|316|25.0|FRM|N||||00||N|||||||||||||||||||||||||||||||1.0|N|||||||N||||||N||||||||||||||||N||||||100015192562-12001
|100015192562|22001|R|Other|||8.5|8.5|51000.0||50594.34|360|22000|42000|11.0|349.0|339.0|32030.0|95.0||1.0|27.0|686.0||N|P|SF|1|P|GA|46660|316|25.0|FRM|N||||00||N|||||||||||||||||||||||||||||||1.0|N|||||||N||||||N||||||||||||||||N||||||100015192562-22001
|100015192562|32001|R|Other|||8.5|8.5|51000.0||50558.27|360|22000|42000|12.0|348.0|338.0|32030.0|95.0||1.0|27.0|686.0||N|P|SF|1|P|GA|46660|316|25.0|FRM|N||||00||N|||||||||||||||||||||||||||||||1.0|N|||||||N||||||N||||||||||||||||N||||||100015192562-32001
|100015192562|42001|R|Other|||8.5|8.5|51000.0||50521.94|360|22000|42000|13.0|347.0|337.0|32030.0|95.0||1.0|27.0|686.0||N|P|SF|1|P|GA|46660|316|25.0|FRM|N||||00||N|||||||||||||||||||||||||||||||1.0|N|||||||N||||||N||||||||||||||||N||||||100015192562-42001
|100015192562|52001|R|Other|||8.5|8.5|51000.0||50485.35|360|22000|42000|14.0|346.0|336.0|32030.0|95.0||1.0|27.0|686.0||N|P|SF|1|P|GA|46660|316|25.0|FRM|N||||00||N|||||||||||||||||||||||||||||||1.0|N|||||||N||||||N||||||||||||||||N||||||100015192562-52001
|100015192562|62001|R|Other|||8.5|8.5|51000.0||50448.5|360|22000|42000|15.0|345.0|335.0|32030.0|95.0||1.0|27.0|686.0||N|P|SF|1|P|GA|46660|316|25.0|FRM|N||||00||N|||||||||||||||||||||||||||||||1.0|N|||||||N||||||N||||||||||||||||N||||||100015192562-62001
|100015192562|72001|R|Other|||8.5|8.5|51000.0||50411.39|360|22000|42000|16.0|344.0|334.0|32030.0|95.0||1.0|27.0|686.0||N|P|SF|1|P|GA|46660|316|25.0|FRM|N||||00||N|||||||||||||||||||||||||||||||1.0|N|||||||N||||||N||||||||||||||||N||||||100015192562-72001
|100015192562|82001|R|Other|||8.5|8.5|51000.0||50374.02|360|22000|42000|17.0|343.0|333.0|32030.0|95.0||1.0|27.0|686.0||N|P|SF|1|P|GA|46660|316|25.0|FRM|N||||00||N|||||||||||||||||||||||||||||||1.0|N|||||||N||||||N||||||||||||||||N||||||100015192562-82001
|100015192562|92001|R|Other|||8.5|8.5|51000.0||50336.39|360|22000|42000|18.0|342.0|332.0|32030.0|95.0||1.0|27.0|686.0||N|P|SF|1|P|GA|46660|316|25.0|FRM|N||||00||N|||||||||||||||||||||||||||||||1.0|N|||||||N||||||N||||||||||||||||N||||||100015192562-92001
|100015192562|102001|R|Other|||8.5|8.5|51000.0||50298.49|360|22000|42000|19.0|341.0|331.0|32030.0|95.0||1.0|27.0|686.0||N|P|SF|1|P|GA|46660|316|25.0|FRM|N||||00||N|||||||||||||||||||||||||||||||1.0|N|||||||N||||||N||||||||||||||||N||||||100015192562-102001
|100015192562|112001|R|Other|||8.5|8.5|51000.0||50260.32|360|22000|42000|20.0|340.0|330.0|32030.0|95.0||1.0|27.0|686.0||N|P|SF|1|P|GA|46660|316|25.0|FRM|N||||00||N|||||||||||||||||||||||||||||||1.0|N|||||||N||||||N||||||||||||||||N||||||100015192562-112001
|100015192562|122001|R|Other|Other||8.5|8.5|51000.0||50221.88|360|22000|42000|21.0|339.0|329.0|32030.0|95.0||1.0|27.0|686.0||N|P|SF|1|P|GA|46660|316|25.0|FRM|N||||00||N|||||||||||||||||||||||||||||||1.0|N|||||||N||||||N||||||||||||||||N||||||100015192562-122001
|100015192562|12002|R|Other|Other||8.5|8.5|51000.0||50183.17|360|22000|42000|22.0|338.0|328.0|32030.0|95.0||1.0|27.0|686.0||N|P|SF|1|P|GA|46660|316|25.0|FRM|N||||00||N|||||||||||||||||||||||||||||||1.0|N|||||||N||||||N||||||||||||||||N||||||100015192562-12002
|100015192562|22002|R|Other|Other||8.5|8.5|51000.0||50144.18|360|22000|42000|23.0|337.0|327.0|32030.0|95.0||1.0|27.0|686.0||N|P|SF|1|P|GA|46660|316|25.0|FRM|N||||00||N|||||||||||||||||||||||||||||||1.0|N|||||||N||||||N||||||||||||||||N||||||100015192562-22002
|100015192562|32002|R|Other|Other||8.5|8.5|51000.0||50104.92|360|22000|42000|24.0|336.0|326.0|32030.0|95.0||1.0|27.0|686.0||N|P|SF|1|P|GA|46660|316|25.0|FRM|N||||00||N|||||||||||||||||||||||||||||||1.0|N|||||||N||||||N||||||||||||||||N||||||100015192562-32002
|100015192562|42002|R|Other|Other||8.5|8.5|51000.0||50065.38|360|22000|42000|25.0|335.0|325.0|32030.0|95.0||1.0|27.0|686.0||N|P|SF|1|P|GA|46660|316|25.0|FRM|N||||00||N|||||||||||||||||||||||||||||||1.0|N|||||||N||||||N||||||||||||||||N||||||100015192562-42002
|100015192562|52002|R|Other|Other||8.5|8.5|51000.0||50025.56|360|22000|42000|26.0|334.0|324.0|32030.0|95.0||1.0|27.0|686.0||N|P|SF|1|P|GA|46660|316|25.0|FRM|N||||00||N|||||||||||||||||||||||||||||||1.0|N|||||||N||||||N||||||||||||||||N||||||100015192562-52002
|100015192562|62002|R|Other|Other||8.5|8.5|51000.0||49985.46|360|22000|42000|27.0|333.0|323.0|32030.0|95.0||1.0|27.0|686.0||N|P|SF|1|P|GA|46660|316|25.0|FRM|N||||00||N|||||||||||||||||||||||||||||||1.0|N|||||||N||||||N||||||||||||||||N||||||100015192562-62002
|100015192562|72002|R|Other|Other||8.5|8.5|51000.0||49945.07|360|22000|42000|28.0|332.0|322.0|32030.0|95.0||1.0|27.0|686.0||N|P|SF|1|P|GA|46660|316|25.0|FRM|N||||00||N|||||||||||||||||||||||||||||||1.0|N|||||||N||||||N||||||||||||||||N||||||100015192562-72002
|100015192562|82002|R|Other|Other||8.5|8.5|51000.0||49904.4|360|22000|42000|29.0|331.0|321.0|32030.0|95.0||1.0|27.0|686.0||N|P|SF|1|P|GA|46660|316|25.0|FRM|N||||00||N|||||||||||||||||||||||||||||||1.0|N|||||||N||||||N||||||||||||||||N||||||100015192562-82002
|100015192562|92002|R|Other|Other||8.5|8.5|51000.0||49863.44|360|22000|42000|30.0|330.0|320.0|32030.0|95.0||1.0|27.0|686.0||N|P|SF|1|P|GA|46660|316|25.0|FRM|N||||00||N|||||||||||||||||||||||||||||||1.0|N|||||||N||||||N||||||||||||||||N||||||100015192562-92002
|100015192562|102002|R|Other|Other||8.5|8.5|51000.0||49822.19|360|22000|42000|31.0|329.0|319.0|32030.0|95.0||1.0|27.0|686.0||N|P|SF|1|P|GA|46660|316|25.0|FRM|N||||00||N|||||||||||||||||||||||||||||||1.0|N|||||||N||||||N||||||||||||||||N||||||100015192562-102002
|100015192562|112002|R|Other|Other||8.5|8.5|51000.0||49780.65|360|22000|42000|32.0|328.0|318.0|32030.0|95.0||1.0|27.0|686.0||N|P|SF|1|P|GA|46660|316|25.0|FRM|N||||00||N|||||||||||||||||||||||||||||||1.0|N|||||||N||||||N||||||||||||||||N||||||100015192562-112002
|100015192562|122002|R|Other|Other||8.5|8.5|51000.0||49738.81|360|22000|42000|33.0|327.0|317.0|32030.0|95.0||1.0|27.0|686.0||N|P|SF|1|P|GA|46660|316|25.0|FRM|N||||00||N|||||||||||||||||||||||||||||||1.0|N|||||||N||||||N||||||||||||||||N||||||100015192562-122002
|100015192562|12003|R|Other|Other||8.5|8.5|51000.0||49696.68|360|22000|42000|34.0|326.0|316.0|32030.0|95.0||1.0|27.0|686.0||N|P|SF|1|P|GA|46660|316|25.0|FRM|N||||00||N|||||||||||||||||||||||||||||||1.0|N|||||||N||||||N||||||||||||||||N||||||100015192562-12003
|100015192562|22003|R|Other|Other||8.5|8.5|51000.0||49654.25|360|22000|42000|35.0|325.0|315.0|32030.0|95.0||1.0|27.0|686.0||N|P|SF|1|P|GA|46660|316|25.0|FRM|N||||00||N|||||||||||||||||||||||||||||||1.0|N|||||||N||||||N||||||||||||||||N||||||100015192562-22003
|100015192562|32003|R|Other|Other||8.5|8.5|51000.0||49611.52|360|22000|42000|36.0|324.0|314.0|32030.0|95.0||1.0|27.0|686.0||N|P|SF|1|P|GA|46660|316|25.0|FRM|N||||00||N|||||||||||||||||||||||||||||||1.0|N|||||||N||||||N||||||||||||||||N||||||100015192562-32003
|100015192562|42003|R|Other|Other||8.5|8.5|51000.0||49568.48|360|22000|42000|37.0|323.0|313.0|32030.0|95.0||1.0|27.0|686.0||N|P|SF|1|P|GA|46660|316|25.0|FRM|N||||00||N|||||||||||||||||||||||||||||||1.0|N|||||||N||||||N||||||||||||||||N||||||100015192562-42003
|100015192562|52003|R|Other|Other||8.5|8.5|51000.0||49525.14|360|22000|42000|38.0|322.0|312.0|32030.0|95.0||1.0|27.0|686.0||N|P|SF|1|P|GA|46660|316|25.0|FRM|N||||00||N|||||||||||||||||||||||||||||||1.0|N|||||||N||||||N||||||||||||||||N||||||100015192562-52003
|100015192562|62003|R|Other|Other||8.5|8.5|51000.0||49481.49|360|22000|42000|39.0|321.0|311.0|32030.0|95.0||1.0|27.0|686.0||N|P|SF|1|P|GA|46660|316|25.0|FRM|N||||00||N|||||||||||||||||||||||||||||||1.0|N|||||||N||||||N||||||||||||||||N||||||100015192562-62003
|100015192562|72003|R|Other|Other||8.5|8.5|51000.0||49437.53|360|22000|42000|40.0|320.0|310.0|32030.0|95.0||1.0|27.0|686.0||N|P|SF|1|P|GA|46660|316|25.0|FRM|N||||00||N|||||||||||||||||||||||||||||||1.0|N|||||||N||||||N||||||||||||||||N||||||100015192562-72003
|100015192562|82003|R|Other|Other||8.5|8.5|51000.0||49393.26|360|22000|42000|41.0|319.0|309.0|32030.0|95.0||1.0|27.0|686.0||N|P|SF|1|P|GA|46660|316|25.0|FRM|N||||00||N|||||||||||||||||||||||||||||||1.0|N|||||||N||||||N||||||||||||||||N||||||100015192562-82003
|100015192562|92003|R|Other|Other||8.5|8.5|51000.0||49348.68|360|22000|42000|42.0|318.0|308.0|32030.0|95.0||1.0|27.0|686.0||N|P|SF|1|P|GA|46660|316|25.0|FRM|N||||00||N|||||||||||||||||||||||||||||||1.0|N|||||||N||||||N||||||||||||||||N||||||100015192562-92003
|100015192562|102003|R|Other|Other||8.5|8.5|51000.0||49303.78|360|22000|42000|43.0|317.0|307.0|32030.0|95.0||1.0|27.0|686.0||N|P|SF|1|P|GA|46660|316|25.0|FRM|N||||00||N|||||||||||||||||||||||||||||||1.0|N|||||||N||||||N||||||||||||||||N||||||100015192562-102003
|100015192562|112003|R|Other|Other||8.5|8.5|51000.0||49258.57|360|22000|42000|44.0|316.0|306.0|32030.0|95.0||1.0|27.0|686.0||N|P|SF|1|P|GA|46660|316|25.0|FRM|N||||00||N|||||||||||||||||||||||||||||||1.0|N|||||||N||||||N||||||||||||||||N||||||100015192562-112003
|100015192562|122003|R|Other|Other||8.5|8.5|51000.0||49213.03|360|22000|42000|45.0|315.0|305.0|32030.0|95.0||1.0|27.0|686.0||N|P|SF|1|P|GA|46660|316|25.0|FRM|N||||00||N|||||||||||||||||||||||||||||||1.0|N|||||||N||||||N||||||||||||||||N||||||100015192562-122003
|100015192562|12004|R|Other|Other||8.5|8.5|51000.0||49167.17|360|22000|42000|46.0|314.0|304.0|32030.0|95.0||1.0|27.0|686.0||N|P|SF|1|P|GA|46660|316|25.0|FRM|N||||00||N|||||||||||||||||||||||||||||||1.0|N|||||||N||||||N||||||||||||||||N||||||100015192562-12004
|100015192562|22004|R|Other|Other||8.5|8.5|51000.0||49120.99|360|22000|42000|47.0|313.0|303.0|32030.0|95.0||1.0|27.0|686.0||N|P|SF|1|P|GA|46660|316|25.0|FRM|N||||00||N|||||||||||||||||||||||||||||||1.0|N|||||||N||||||N||||||||||||||||N||||||100015192562-22004
|100015192562|32004|R|Other|Other||8.5|8.5|51000.0||49074.48|360|22000|42000|48.0|312.0|302.0|32030.0|95.0||1.0|27.0|686.0||N|P|SF|1|P|GA|46660|316|25.0|FRM|N||||00||N|||||||||||||||||||||||||||||||1.0|N|||||||N||||||N||||||||||||||||N||||||100015192562-32004
|100015192562|42004|R|Other|Other||8.5|8.5|51000.0||49027.64|360|22000|42000|49.0|311.0|301.0|32030.0|95.0||1.0|27.0|686.0||N|P|SF|1|P|GA|46660|316|25.0|FRM|N||||00||N|||||||||||||||||||||||||||||||1.0|N|||||||N||||||N||||||||||||||||N||||||100015192562-42004
|100015192562|52004|R|Other|Other||8.5|8.5|51000.0||48980.47|360|22000|42000|50.0|310.0|300.0|32030.0|95.0||1.0|27.0|686.0||N|P|SF|1|P|GA|46660|316|25.0|FRM|N||||00||N|||||||||||||||||||||||||||||||1.0|N|||||||N||||||N||||||||||||||||N||||||100015192562-52004
|100015192562|62004|R|Other|Other||8.5|8.5|51000.0||48932.96|360|22000|42000|51.0|309.0|299.0|32030.0|95.0||1.0|27.0|686.0||N|P|SF|1|P|GA|46660|316|25.0|FRM|N||||00||N|||||||||||||||||||||||||||||||1.0|N|||||||N||||||N||||||||||||||||N||||||100015192562-62004
|100015192562|72004|R|Other|Other||8.5|8.5|51000.0||48885.12|360|22000|42000|52.0|308.0|298.0|32030.0|95.0||1.0|27.0|686.0||N|P|SF|1|P|GA|46660|316|25.0|FRM|N||||00||N|||||||||||||||||||||||||||||||1.0|N|||||||N||||||N||||||||||||||||N||||||100015192562-72004
|100015192562|82004|R|Other|Other||8.5|8.5|51000.0||48836.94|360|22000|42000|53.0|307.0|297.0|32030.0|95.0||1.0|27.0|686.0||N|P|SF|1|P|GA|46660|316|25.0|FRM|N||||00||N|||||||||||||||||||||||||||||||1.0|N|||||||N||||||N||||||||||||||||N||||||100015192562-82004
|100015192562|92004|R|Other|Other||8.5|8.5|51000.0||48788.42|360|22000|42000|54.0|306.0|296.0|32030.0|95.0||1.0|27.0|686.0||N|P|SF|1|P|GA|46660|316|25.0|FRM|N||||00||N|||||||||||||||||||||||||||||||1.0|N|||||||N||||||N||||||||||||||||N||||||100015192562-92004
|100015192562|102004|R|Other|Other||8.5|8.5|51000.0||48739.55|360|22000|42000|55.0|305.0|295.0|32030.0|95.0||1.0|27.0|686.0||N|P|SF|1|P|GA|46660|316|25.0|FRM|N||||00||N|||||||||||||||||||||||||||||||1.0|N|||||||N||||||N||||||||||||||||N||||||100015192562-102004
|100015192562|112004|R|Other|Other||8.5|8.5|51000.0||30857.39|360|22000|42000|56.0|304.0|115.0|32030.0|95.0||1.0|27.0|686.0||N|P|SF|1|P|GA|46660|316|25.0|FRM|N||||00||N|||||||||||||||||||||||||||||||1.0|N|||||||N||||||N||||||||||||||||N||||||100015192562-112004
|100015192562|122004|R|Other|||8.5||51000.0||0.0|360|22000|42000|||||95.0||1.0|27.0|686.0||N|P|SF|1|P|GA|46660|316|25.0|FRM|N||||XX||||1.0|122004.0|30857.39|||||||||||||||||||||||||||1.0||||||||N||||||N||||||||||||||||N||N||||100015192562-122004
|100015874399|32000|C|Citimortgage, Inc.|||8.75|8.75|242000.0||0.0|360|22000|42000|0.0|360.0|359.0|32030.0|95.0||1.0|47.0|706.0||N|P|SF|1|P|FL|45300|335|30.0|FRM|N||||00||N|||||||||||||||||||||||||||||||1.0|N|||||||N||||||N||||||||||||||||N||||||100015874399-32000
|100015874399|42000|C|Citimortgage, Inc.|||8.75|8.75|242000.0||0.0|360|22000|42000|1.0|359.0|359.0|32030.0|95.0||1.0|47.0|706.0||N|P|SF|1|P|FL|45300|335|30.0|FRM|N||||00||N|||||||||||||||||||||||||||||||1.0|N|||||||N||||||N||||||||||||||||N||||||100015874399-42000
|100015874399|52000|C|Citimortgage, Inc.|||8.75|8.75|242000.0||0.0|360|22000|42000|2.0|358.0|357.0|32030.0|95.0||1.0|47.0|706.0||N|P|SF|1|P|FL|45300|335|30.0|FRM|N||||00||N|||||||||||||||||||||||||||||||1.0|N|||||||N||||||N||||||||||||||||N||||||100015874399-52000
|100015874399|62000|C|Citimortgage, Inc.|||8.75|8.75|242000.0||0.0|360|22000|42000|3.0|357.0|356.0|32030.0|95.0||1.0|47.0|706.0||N|P|SF|1|P|FL|45300|335|30.0|FRM|N||||00||N|||||||||||||||||||||||||||||||1.0|N|||||||N||||||N||||||||||||||||N||||||100015874399-62000
|100015874399|72000|C|Citimortgage, Inc.|||8.75|8.75|242000.0||0.0|360|22000|42000|4.0|356.0|355.0|32030.0|95.0||1.0|47.0|706.0||N|P|SF|1|P|FL|45300|335|30.0|FRM|N||||00||N|||||||||||||||||||||||||||||||1.0|N|||||||N||||||N||||||||||||||||N||||||100015874399-72000
|100015874399|82000|C|Citimortgage, Inc.|||8.75|8.75|242000.0||0.0|360|22000|42000|5.0|355.0|354.0|32030.0|95.0||1.0|47.0|706.0||N|P|SF|1|P|FL|45300|335|30.0|FRM|N||||00||N|||||||||||||||||||||||||||||||1.0|N|||||||N||||||N||||||||||||||||N||||||100015874399-82000
|100015874399|92000|C|Citimortgage, Inc.|||8.75|8.75|242000.0||241398.38|360|22000|42000|6.0|354.0|354.0|32030.0|95.0||1.0|47.0|706.0||N|P|SF|1|P|FL|45300|335|30.0|FRM|N||||00||N|||||||||||||||||||||||||||||||1.0|N|||||||N||||||N||||||||||||||||N||||||100015874399-92000
|100015874399|102000|C|Citimortgage, Inc.|||8.75|8.75|242000.0||241106.16|360|22000|42000|7.0|353.0|352.0|32030.0|95.0||1.0|47.0|706.0||N|P|SF|1|P|FL|45300|335|30.0|FRM|N||||00||N|||||||||||||||||||||||||||||||1.0|N|||||||N||||||N||||||||||||||||N||||||100015874399-102000
|100015874399|112000|C|Citimortgage, Inc.|||8.75|8.75|242000.0||240958.45|360|22000|42000|8.0|352.0|351.0|32030.0|95.0||1.0|47.0|706.0||N|P|SF|1|P|FL|45300|335|30.0|FRM|N||||00||N|||||||||||||||||||||||||||||||1.0|N|||||||N||||||N||||||||||||||||N||||||100015874399-112000
|100015874399|122000|C|Citimortgage, Inc.|||8.75|8.75|242000.0||240809.66|360|22000|42000|9.0|351.0|350.0|32030.0|95.0||1.0|47.0|706.0||N|P|SF|1|P|FL|45300|335|30.0|FRM|N||||00||N|||||||||||||||||||||||||||||||1.0|N|||||||N||||||N||||||||||||||||N||||||100015874399-122000
|100015874399|12001|C|Citimortgage, Inc.|||8.75|8.75|242000.0||240659.78|360|22000|42000|10.0|350.0|349.0|32030.0|95.0||1.0|47.0|706.0||N|P|SF|1|P|FL|45300|335|30.0|FRM|N||||00||N|||||||||||||||||||||||||||||||1.0|N|||||||N||||||N||||||||||||||||N||||||100015874399-12001
|100015874399|22001|C|Citimortgage, Inc.|||8.75|8.75|242000.0||240508.81|360|22000|42000|11.0|349.0|348.0|32030.0|95.0||1.0|47.0|706.0||N|P|SF|1|P|FL|45300|335|30.0|FRM|N||||00||N|||||||||||||||||||||||||||||||1.0|N|||||||N||||||N||||||||||||||||N||||||100015874399-22001
|100015874399|32001|C|Citimortgage, Inc.|||8.75|8.75|242000.0||240508.81|360|22000|42000|12.0|348.0|348.0|32030.0|95.0||1.0|47.0|706.0||N|P|SF|1|P|FL|45300|335|30.0|FRM|N||||00||N|||||||||||||||||||||||||||||||1.0|N|||||||N||||||N||||||||||||||||N||||||100015874399-32001
|100015874399|42001|C|Citimortgage, Inc.|||8.75|8.75|242000.0||240203.56|360|22000|42000|13.0|347.0|346.0|32030.0|95.0||1.0|47.0|706.0||N|P|SF|1|P|FL|45300|335|30.0|FRM|N||||00||N|||||||||||||||||||||||||||||||1.0|N|||||||N||||||N||||||||||||||||N||||||100015874399-42001
|100015874399|52001|C|Citimortgage, Inc.|||8.75|8.75|242000.0||240049.26|360|22000|42000|14.0|346.0|345.0|32030.0|95.0||1.0|47.0|706.0||N|P|SF|1|P|FL|45300|335|30.0|FRM|N||||00||N|||||||||||||||||||||||||||||||1.0|N|||||||N||||||N||||||||||||||||N||||||100015874399-52001
|100015874399|62001|C|Citimortgage, Inc.|||8.75|8.75|242000.0||239893.84|360|22000|42000|15.0|345.0|344.0|32030.0|95.0||1.0|47.0|706.0||N|P|SF|1|P|FL|45300|335|30.0|FRM|N||||00||N|||||||||||||||||||||||||||||||1.0|N|||||||N||||||N||||||||||||||||N||||||100015874399-62001
|100015874399|72001|C|Citimortgage, Inc.|||8.75|8.75|242000.0||239737.29|360|22000|42000|16.0|344.0|343.0|32030.0|95.0||1.0|47.0|706.0||N|P|SF|1|P|FL|45300|335|30.0|FRM|N||||00||N|||||||||||||||||||||||||||||||1.0|N|||||||N||||||N||||||||||||||||N||||||100015874399-72001
|100015874399|82001|C|Citimortgage, Inc.|||8.75|8.75|242000.0||239579.59|360|22000|42000|17.0|343.0|342.0|32030.0|95.0||1.0|47.0|706.0||N|P|SF|1|P|FL|45300|335|30.0|FRM|N||||00||N|||||||||||||||||||||||||||||||1.0|N|||||||N||||||N||||||||||||||||N||||||100015874399-82001
|100015874399|92001|C|Citimortgage, Inc.|||8.75|8.75|242000.0||239420.74|360|22000|42000|18.0|342.0|341.0|32030.0|95.0||1.0|47.0|706.0||N|P|SF|1|P|FL|45300|335|30.0|FRM|N||||00||N|||||||||||||||||||||||||||||||1.0|N|||||||N||||||N||||||||||||||||N||||||100015874399-92001
|100015874399|102001|C|Citimortgage, Inc.|||8.75|8.75|242000.0||239260.74|360|22000|42000|19.0|341.0|340.0|32030.0|95.0||1.0|47.0|706.0||N|P|SF|1|P|FL|45300|335|30.0|FRM|N||||00||N|||||||||||||||||||||||||||||||1.0|N|||||||N||||||N||||||||||||||||N||||||100015874399-102001
|100015874399|112001|C|Citimortgage, Inc.|||8.75|8.75|242000.0||239099.57|360|22000|42000|20.0|340.0|339.0|32030.0|95.0||1.0|47.0|706.0||N|P|SF|1|P|FL|45300|335|30.0|FRM|N||||00||N|||||||||||||||||||||||||||||||1.0|N|||||||N||||||N||||||||||||||||N||||||100015874399-112001
|100015874399|122001|C|Citimortgage, Inc.|Citimortgage, Inc.||8.75|8.75|242000.0||239099.57|360|22000|42000|21.0|339.0|339.0|32030.0|95.0||1.0|47.0|706.0||N|P|SF|1|P|FL|45300|335|30.0|FRM|N||||00||N|||||||||||||||||||||||||||||||1.0|N|||||||N||||||N||||||||||||||||N||||||100015874399-122001
|100015874399|12002|C|Citimortgage, Inc.|Citimortgage, Inc.||8.75|8.75|242000.0||238937.22|360|22000|42000|22.0|338.0|338.0|32030.0|95.0||1.0|47.0|706.0||N|P|SF|1|P|FL|45300|335|30.0|FRM|N||||00||N|||||||||||||||||||||||||||||||1.0|N|||||||N||||||N||||||||||||||||N||||||100015874399-12002
|100015874399|22002|C|Citimortgage, Inc.|Citimortgage, Inc.||8.75|8.75|242000.0||238608.97|360|22000|42000|23.0|337.0|336.0|32030.0|95.0||1.0|47.0|706.0||N|P|SF|1|P|FL|45300|335|30.0|FRM|N||||00||N|||||||||||||||||||||||||||||||1.0|N|||||||N||||||N||||||||||||||||N||||||100015874399-22002
|100015874399|32002|C|Citimortgage, Inc.|Citimortgage, Inc.||8.75|8.75|242000.0||238608.97|360|22000|42000|24.0|336.0|336.0|32030.0|95.0||1.0|47.0|706.0||N|P|SF|1|P|FL|45300|335|30.0|FRM|N||||00||N|||||||||||||||||||||||||||||||1.0|N|||||||N||||||N||||||||||||||||N||||||100015874399-32002
|100015874399|42002|C|Citimortgage, Inc.|Citimortgage, Inc.||8.75|8.75|242000.0||238443.05|360|22000|42000|25.0|335.0|335.0|32030.0|95.0||1.0|47.0|706.0||N|P|SF|1|P|FL|45300|335|30.0|FRM|N||||00||N|||||||||||||||||||||||||||||||1.0|N|||||||N||||||N||||||||||||||||N||||||100015874399-42002
|100015874399|52002|C|Citimortgage, Inc.|Citimortgage, Inc.||8.75|8.75|242000.0||238275.92|360|22000|42000|26.0|334.0|334.0|32030.0|95.0||1.0|47.0|706.0||N|P|SF|1|P|FL|45300|335|30.0|FRM|N||||00||N|||||||||||||||||||||||||||||||1.0|N|||||||N||||||N||||||||||||||||N||||||100015874399-52002
|100015874399|62002|C|Citimortgage, Inc.|Citimortgage, Inc.||8.75|8.75|242000.0||238107.57|360|22000|42000|27.0|333.0|333.0|32030.0|95.0||1.0|47.0|706.0||N|P|SF|1|P|FL|45300|335|30.0|FRM|N||||00||N|||||||||||||||||||||||||||||||1.0|N|||||||N||||||N||||||||||||||||N||||||100015874399-62002
|100015874399|72002|C|Citimortgage, Inc.|Citimortgage, Inc.||8.75|8.75|242000.0||237937.99|360|22000|42000|28.0|332.0|332.0|32030.0|95.0||1.0|47.0|706.0||N|P|SF|1|P|FL|45300|335|30.0|FRM|N||||00||N|||||||||||||||||||||||||||||||1.0|N|||||||N||||||N||||||||||||||||N||||||100015874399-72002
|100015874399|82002|C|Citimortgage, Inc.|Citimortgage, Inc.||8.75|8.75|242000.0||237767.17|360|22000|42000|29.0|331.0|331.0|32030.0|95.0||1.0|47.0|706.0||N|P|SF|1|P|FL|45300|335|30.0|FRM|N||||00||N|||||||||||||||||||||||||||||||1.0|N|||||||N||||||N||||||||||||||||N||||||100015874399-82002
|100015874399|92002|C|Citimortgage, Inc.|||8.75||242000.0||0.0|360|22000|42000|||||95.0||1.0|47.0|706.0||N|P|SF|1|P|FL|45300|335|30.0|FRM|N||||XX||||1.0|92002.0|237767.17|||||||||||||||||||||||||||1.0||||||||N||||||N||||||||||||||||N||N||||100015874399-92002
|100017922445|22000|C|Amtrust Bank|||8.25|8.25|240000.0||0.0|360|121999|22000|1.0|359.0|359.0|12030.0|77.0||2.0|19.0|737.0|731.0|N|P|SF|1|P|MI|19820|483||FRM|N||||00||N||||||||||||||||||||||||||||||||N|||||||N||||||N||||||||||||||||N||||||100017922445-22000
|100017922445|32000|C|Amtrust Bank|||8.25|8.25|240000.0||0.0|360|121999|22000|2.0|358.0|358.0|12030.0|77.0||2.0|19.0|737.0|731.0|N|P|SF|1|P|MI|19820|483||FRM|N||||00||N||||||||||||||||||||||||||||||||N|||||||N||||||N||||||||||||||||N||||||100017922445-32000
|100017922445|42000|C|Amtrust Bank|||8.25|8.25|240000.0||0.0|360|121999|22000|3.0|357.0|357.0|12030.0|77.0||2.0|19.0|737.0|731.0|N|P|SF|1|P|MI|19820|483||FRM|N||||00||N||||||||||||||||||||||||||||||||N|||||||N||||||N||||||||||||||||N||||||100017922445-42000
|100017922445|52000|C|Amtrust Bank|||8.25|8.25|240000.0||0.0|360|121999|22000|4.0|356.0|356.0|12030.0|77.0||2.0|19.0|737.0|731.0|N|P|SF|1|P|MI|19820|483||FRM|N||||00||N||||||||||||||||||||||||||||||||N|||||||N||||||N||||||||||||||||N||||||100017922445-52000
|100017922445|62000|C|Amtrust Bank|||8.25|8.25|240000.0||0.0|360|121999|22000|5.0|355.0|355.0|12030.0|77.0||2.0|19.0|737.0|731.0|N|P|SF|1|P|MI|19820|483||FRM|N||||00||N||||||||||||||||||||||||||||||||N|||||||N||||||N||||||||||||||||N||||||100017922445-62000
|100017922445|72000|C|Amtrust Bank|||8.25|8.25|240000.0||0.0|360|121999|22000|6.0|354.0|353.0|12030.0|77.0||2.0|19.0|737.0|731.0|N|P|SF|1|P|MI|19820|483||FRM|N||||00||N||||||||||||||||||||||||||||||||N|||||||N||||||N||||||||||||||||N||||||100017922445-72000
|100017922445|82000|C|Amtrust Bank|||8.25|8.25|240000.0||238906.38|360|121999|22000|7.0|353.0|353.0|12030.0|77.0||2.0|19.0|737.0|731.0|N|P|SF|1|P|MI|19820|483||FRM|N||||00||N||||||||||||||||||||||||||||||||N|||||||N||||||N||||||||||||||||N||||||100017922445-82000
|100017922445|92000|C|Amtrust Bank|||8.25|8.25|240000.0||238745.82|360|121999|22000|8.0|352.0|352.0|12030.0|77.0||2.0|19.0|737.0|731.0|N|P|SF|1|P|MI|19820|483||FRM|N||||00||N||||||||||||||||||||||||||||||||N|||||||N||||||N||||||||||||||||N||||||100017922445-92000
|100017922445|102000|C|Amtrust Bank|||8.25|8.25|240000.0||238421.39|360|121999|22000|9.0|351.0|350.0|12030.0|77.0||2.0|19.0|737.0|731.0|N|P|SF|1|P|MI|19820|483||FRM|N||||00||N||||||||||||||||||||||||||||||||N|||||||N||||||N||||||||||||||||N||||||100017922445-102000
|100017922445|112000|C|Amtrust Bank|||8.25|8.25|240000.0||238257.5|360|121999|22000|10.0|350.0|349.0|12030.0|77.0||2.0|19.0|737.0|731.0|N|P|SF|1|P|MI|19820|483||FRM|N||||00||N||||||||||||||||||||||||||||||||N|||||||N||||||N||||||||||||||||N||||||100017922445-112000
|100017922445|122000|C|Amtrust Bank|||8.25|8.25|240000.0||238257.5|360|121999|22000|11.0|349.0|349.0|12030.0|77.0||2.0|19.0|737.0|731.0|N|P|SF|1|P|MI|19820|483||FRM|N||||00||N||||||||||||||||||||||||||||||||N|||||||N||||||N||||||||||||||||N||||||100017922445-122000
|100017922445|12001|C|Amtrust Bank|||8.25||240000.0||0.0|360|121999|22000|||||77.0||2.0|19.0|737.0|731.0|N|P|SF|1|P|MI|19820|483||FRM|N||||XX||||1.0|12001.0|238257.5|||||||||||||||||||||||||||||||||||N||||||N||||||||||||||||N||N||||100017922445-12001
|100019048933|22000|C|Other|||7.5|7.5|52000.0||0.0|180|121999|22000|1.0|179.0|178.0|12015.0|95.0|||||||P|SF|1|P|FL|36740|347|30.0|FRM|N||||00||N|||||||||||||||||||||||||||||||1.0|N|||||||N||||||N||||||||||||||||N||||||100019048933-22000
|100019048933|32000|C|Other|||7.5|7.5|52000.0||0.0|180|121999|22000|2.0|178.0|177.0|12015.0|95.0|||||||P|SF|1|P|FL|36740|347|30.0|FRM|N||||00||N|||||||||||||||||||||||||||||||1.0|N|||||||N||||||N||||||||||||||||N||||||100019048933-32000
|100019048933|42000|C|Other|||7.5|7.5|52000.0||0.0|180|121999|22000|3.0|177.0|175.0|12015.0|95.0|||||||P|SF|1|P|FL|36740|347|30.0|FRM|N||||00||N|||||||||||||||||||||||||||||||1.0|N|||||||N||||||N||||||||||||||||N||||||100019048933-42000
|100019048933|52000|C|Other|||7.5|7.5|52000.0||0.0|180|121999|22000|4.0|176.0|175.0|12015.0|95.0|||||||P|SF|1|P|FL|36740|347|30.0|FRM|N||||00||N|||||||||||||||||||||||||||||||1.0|N|||||||N||||||N||||||||||||||||N||||||100019048933-52000
|100019048933|62000|C|Other|||7.5|7.5|52000.0||0.0|180|121999|22000|5.0|175.0|173.0|12015.0|95.0|||||||P|SF|1|P|FL|36740|347|30.0|FRM|N||||00||N|||||||||||||||||||||||||||||||1.0|N|||||||N||||||N||||||||||||||||N||||||100019048933-62000
|100019048933|72000|C|Other|||7.5|7.5|52000.0||0.0|180|121999|22000|6.0|174.0|172.0|12015.0|95.0|||||||P|SF|1|P|FL|36740|347|30.0|FRM|N||||00||N|||||||||||||||||||||||||||||||1.0|N|||||||N||||||N||||||||||||||||N||||||100019048933-72000
|100019048933|82000|C|Other|||7.5|7.5|52000.0||50618.2|180|121999|22000|7.0|173.0|170.0|12015.0|95.0|||||||P|SF|1|P|FL|36740|347|30.0|FRM|N||||00||N|||||||||||||||||||||||||||||||1.0|N|||||||N||||||N||||||||||||||||N||||||100019048933-82000
|100019048933|92000|C|Other|||7.5|7.5|52000.0||50350.2|180|121999|22000|8.0|172.0|169.0|12015.0|95.0|||||||P|SF|1|P|FL|36740|347|30.0|FRM|N||||00||N|||||||||||||||||||||||||||||||1.0|N|||||||N||||||N||||||||||||||||N||||||100019048933-92000
|100019048933|102000|C|Other|||7.5|7.5|52000.0||50080.53|180|121999|22000|9.0|171.0|167.0|12015.0|95.0|||||||P|SF|1|P|FL|36740|347|30.0|FRM|N||||00||N|||||||||||||||||||||||||||||||1.0|N|||||||N||||||N||||||||||||||||N||||||100019048933-102000
|100019048933|112000|C|Other|||7.5|7.5|52000.0||49809.17|180|121999|22000|10.0|170.0|165.0|12015.0|95.0|||||||P|SF|1|P|FL|36740|347|30.0|FRM|N||||00||N|||||||||||||||||||||||||||||||1.0|N|||||||N||||||N||||||||||||||||N||||||100019048933-112000
|100019048933|122000|C|Other|||7.5|7.5|52000.0||49536.12|180|121999|22000|11.0|169.0|164.0|12015.0|95.0|||||||P|SF|1|P|FL|36740|347|30.0|FRM|N||||00||N|||||||||||||||||||||||||||||||1.0|N|||||||N||||||N||||||||||||||||N||||||100019048933-122000
|100019048933|12001|C|Other|||7.5|7.5|52000.0||49261.36|180|121999|22000|12.0|168.0|162.0|12015.0|95.0|||||||P|SF|1|P|FL|36740|347|30.0|FRM|N||||00||N|||||||||||||||||||||||||||||||1.0|N|||||||N||||||N||||||||||||||||N||||||100019048933-12001
|100019048933|22001|C|Other|||7.5|7.5|52000.0||48984.88|180|121999|22000|13.0|167.0|161.0|12015.0|95.0|||||||P|SF|1|P|FL|36740|347|30.0|FRM|N||||00||N|||||||||||||||||||||||||||||||1.0|N|||||||N||||||N||||||||||||||||N||||||100019048933-22001
|100019048933|32001|C|Other|||7.5|7.5|52000.0||48706.68|180|121999|22000|14.0|166.0|159.0|12015.0|95.0|||||||P|SF|1|P|FL|36740|347|30.0|FRM|N||||00||N|||||||||||||||||||||||||||||||1.0|N|||||||N||||||N||||||||||||||||N||||||100019048933-32001
|100019048933|42001|C|Other|||7.5|7.5|52000.0||48426.74|180|121999|22000|15.0|165.0|158.0|12015.0|95.0|||||||P|SF|1|P|FL|36740|347|30.0|FRM|N||||00||N|||||||||||||||||||||||||||||||1.0|N|||||||N||||||N||||||||||||||||N||||||100019048933-42001
|100019048933|52001|C|Other|||7.5|7.5|52000.0||48145.05|180|121999|22000|16.0|164.0|156.0|12015.0|95.0|||||||P|SF|1|P|FL|36740|347|30.0|FRM|N||||00||N|||||||||||||||||||||||||||||||1.0|N|||||||N||||||N||||||||||||||||N||||||100019048933-52001
|100019048933|62001|C|Other|||7.5|7.5|52000.0||47861.6|180|121999|22000|17.0|163.0|155.0|12015.0|95.0|||||||P|SF|1|P|FL|36740|347|30.0|FRM|N||||00||N|||||||||||||||||||||||||||||||1.0|N|||||||N||||||N||||||||||||||||N||||||100019048933-62001
|100019048933|72001|C|Other|||7.5|7.5|52000.0||47576.38|180|121999|22000|18.0|162.0|153.0|12015.0|95.0|||||||P|SF|1|P|FL|36740|347|30.0|FRM|N||||00||N|||||||||||||||||||||||||||||||1.0|N|||||||N||||||N||||||||||||||||N||||||100019048933-72001
|100019048933|82001|C|Other|||7.5|7.5|52000.0||47289.37|180|121999|22000|19.0|161.0|151.0|12015.0|95.0|||||||P|SF|1|P|FL|36740|347|30.0|FRM|N||||00||N|||||||||||||||||||||||||||||||1.0|N|||||||N||||||N||||||||||||||||N||||||100019048933-82001
|100019048933|92001|C|Other|||7.5|7.5|52000.0||47000.57|180|121999|22000|20.0|160.0|150.0|12015.0|95.0|||||||P|SF|1|P|FL|36740|347|30.0|FRM|N||||00||N|||||||||||||||||||||||||||||||1.0|N|||||||N||||||N||||||||||||||||N||||||100019048933-92001
|100019048933|102001|C|Other|||7.5|7.5|52000.0||46709.96|180|121999|22000|21.0|159.0|148.0|12015.0|95.0|||||||P|SF|1|P|FL|36740|347|30.0|FRM|N||||00||N|||||||||||||||||||||||||||||||1.0|N|||||||N||||||N||||||||||||||||N||||||100019048933-102001
|100019048933|112001|C|Other|||7.5|7.5|52000.0||46417.54|180|121999|22000|22.0|158.0|147.0|12015.0|95.0|||||||P|SF|1|P|FL|36740|347|30.0|FRM|N||||00||N|||||||||||||||||||||||||||||||1.0|N|||||||N||||||N||||||||||||||||N||||||100019048933-112001
|100019048933|122001|C|Other|Gmac Mortgage, Llc||7.5|7.5|52000.0||46123.29|180|121999|22000|23.0|157.0|145.0|12015.0|95.0|||||||P|SF|1|P|FL|36740|347|30.0|FRM|N||||00||N|||||||||||||||||||||||||||||||1.0|N|||||||N||||||N||||||||||||||||N||||||100019048933-122001
|100019048933|12002|C|Other|Gmac Mortgage, Llc||7.5|7.5|52000.0||45827.2|180|121999|22000|24.0|156.0|144.0|12015.0|95.0|||||||P|SF|1|P|FL|36740|347|30.0|FRM|N||||00||N|||||||||||||||||||||||||||||||1.0|N|||||||N||||||N||||||||||||||||N||||||100019048933-12002
|100019048933|22002|C|Other|Gmac Mortgage, Llc||7.5|7.5|52000.0||45529.26|180|121999|22000|25.0|155.0|142.0|12015.0|95.0|||||||P|SF|1|P|FL|36740|347|30.0|FRM|N||||00||N|||||||||||||||||||||||||||||||1.0|N|||||||N||||||N||||||||||||||||N||||||100019048933-22002
|100019048933|32002|C|Other|Gmac Mortgage, Llc||7.5|7.5|52000.0||45229.46|180|121999|22000|26.0|154.0|141.0|12015.0|95.0|||||||P|SF|1|P|FL|36740|347|30.0|FRM|N||||00||N|||||||||||||||||||||||||||||||1.0|N|||||||N||||||N||||||||||||||||N||||||100019048933-32002
|100019048933|42002|C|Other|Gmac Mortgage, Llc||7.5|7.5|52000.0||44927.78|180|121999|22000|27.0|153.0|139.0|12015.0|95.0|||||||P|SF|1|P|FL|36740|347|30.0|FRM|N||||00||N|||||||||||||||||||||||||||||||1.0|N|||||||N||||||N||||||||||||||||N||||||100019048933-42002
|100019048933|52002|C|Other|Gmac Mortgage, Llc||7.5|7.5|52000.0||44624.22|180|121999|22000|28.0|152.0|138.0|12015.0|95.0|||||||P|SF|1|P|FL|36740|347|30.0|FRM|N||||00||N|||||||||||||||||||||||||||||||1.0|N|||||||N||||||N||||||||||||||||N||||||100019048933-52002
|100019048933|62002|C|Other|Gmac Mortgage, Llc||7.5|7.5|52000.0||44318.76|180|121999|22000|29.0|151.0|136.0|12015.0|95.0|||||||P|SF|1|P|FL|36740|347|30.0|FRM|N||||00||N|||||||||||||||||||||||||||||||1.0|N|||||||N||||||N||||||||||||||||N||||||100019048933-62002
|100019048933|72002|C|Other|Gmac Mortgage, Llc||7.5|7.5|52000.0||44011.39|180|121999|22000|30.0|150.0|135.0|12015.0|95.0|||||||P|SF|1|P|FL|36740|347|30.0|FRM|N||||00||N|||||||||||||||||||||||||||||||1.0|N|||||||N||||||N||||||||||||||||N||||||100019048933-72002
|100019048933|82002|C|Other|Gmac Mortgage, Llc||7.5|7.5|52000.0||43702.1|180|121999|22000|31.0|149.0|133.0|12015.0|95.0|||||||P|SF|1|P|FL|36740|347|30.0|FRM|N||||00||N|||||||||||||||||||||||||||||||1.0|N|||||||N||||||N||||||||||||||||N||||||100019048933-82002
|100019048933|92002|C|Other|Gmac Mortgage, Llc||7.5|7.5|52000.0||43390.88|180|121999|22000|32.0|148.0|132.0|12015.0|95.0|||||||P|SF|1|P|FL|36740|347|30.0|FRM|N||||00||N|||||||||||||||||||||||||||||||1.0|N|||||||N||||||N||||||||||||||||N||||||100019048933-92002
|100019048933|102002|C|Other|Gmac Mortgage, Llc||7.5|7.5|52000.0||43077.71|180|121999|22000|33.0|147.0|131.0|12015.0|95.0|||||||P|SF|1|P|FL|36740|347|30.0|FRM|N||||00||N|||||||||||||||||||||||||||||||1.0|N|||||||N||||||N||||||||||||||||N||||||100019048933-102002
|100019048933|112002|C|Other|Gmac Mortgage, Llc||7.5|7.5|52000.0||42762.59|180|121999|22000|34.0|146.0|129.0|12015.0|95.0|||||||P|SF|1|P|FL|36740|347|30.0|FRM|N||||00||N|||||||||||||||||||||||||||||||1.0|N|||||||N||||||N||||||||||||||||N||||||100019048933-112002
|100019048933|122002|C|Other|Gmac Mortgage, Llc||7.5|7.5|52000.0||42445.5|180|121999|22000|35.0|145.0|128.0|12015.0|95.0|||||||P|SF|1|P|FL|36740|347|30.0|FRM|N||||00||N|||||||||||||||||||||||||||||||1.0|N|||||||N||||||N||||||||||||||||N||||||100019048933-122002
|100019048933|12003|C|Other|Gmac Mortgage, Llc||7.5|7.5|52000.0||42126.42|180|121999|22000|36.0|144.0|126.0|12015.0|95.0|||||||P|SF|1|P|FL|36740|347|30.0|FRM|N||||00||N|||||||||||||||||||||||||||||||1.0|N|||||||N||||||N||||||||||||||||N||||||100019048933-12003
|100019048933|22003|C|Other|Gmac Mortgage, Llc||7.5|7.5|52000.0||41805.35|180|121999|22000|37.0|143.0|125.0|12015.0|95.0|||||||P|SF|1|P|FL|36740|347|30.0|FRM|N||||00||N|||||||||||||||||||||||||||||||1.0|N|||||||N||||||N||||||||||||||||N||||||100019048933-22003
|100019048933|32003|C|Other|Gmac Mortgage, Llc||7.5|7.5|52000.0||41482.27|180|121999|22000|38.0|142.0|123.0|12015.0|95.0|||||||P|SF|1|P|FL|36740|347|30.0|FRM|N||||00||N|||||||||||||||||||||||||||||||1.0|N|||||||N||||||N||||||||||||||||N||||||100019048933-32003
|100019048933|42003|C|Other|Gmac Mortgage, Llc||7.5|7.5|52000.0||41157.17|180|121999|22000|39.0|141.0|122.0|12015.0|95.0|||||||P|SF|1|P|FL|36740|347|30.0|FRM|N||||00||N|||||||||||||||||||||||||||||||1.0|N|||||||N||||||N||||||||||||||||N||||||100019048933-42003
|100019048933|52003|C|Other|Gmac Mortgage, Llc||7.5|7.5|52000.0||40830.04|180|121999|22000|40.0|140.0|120.0|12015.0|95.0|||||||P|SF|1|P|FL|36740|347|30.0|FRM|N||||00||N|||||||||||||||||||||||||||||||1.0|N|||||||N||||||N||||||||||||||||N||||||100019048933-52003
|100019048933|62003|C|Other|Gmac Mortgage, Llc||7.5|7.5|52000.0||40500.87|180|121999|22000|41.0|139.0|119.0|12015.0|95.0|||||||P|SF|1|P|FL|36740|347|30.0|FRM|N||||00||N|||||||||||||||||||||||||||||||1.0|N|||||||N||||||N||||||||||||||||N||||||100019048933-62003
|100019048933|72003|C|Other|Gmac Mortgage, Llc||7.5|7.5|52000.0||40169.64|180|121999|22000|42.0|138.0|118.0|12015.0|95.0|||||||P|SF|1|P|FL|36740|347|30.0|FRM|N||||00||N|||||||||||||||||||||||||||||||1.0|N|||||||N||||||N||||||||||||||||N||||||100019048933-72003
|100019048933|82003|C|Other|Gmac Mortgage, Llc||7.5|7.5|52000.0||39836.34|180|121999|22000|43.0|137.0|116.0|12015.0|95.0|||||||P|SF|1|P|FL|36740|347|30.0|FRM|N||||00||N|||||||||||||||||||||||||||||||1.0|N|||||||N||||||N||||||||||||||||N||||||100019048933-82003
|100019048933|92003|C|Other|Gmac Mortgage, Llc||7.5|7.5|52000.0||39500.96|180|121999|22000|44.0|136.0|115.0|12015.0|95.0|||||||P|SF|1|P|FL|36740|347|30.0|FRM|N||||00||N|||||||||||||||||||||||||||||||1.0|N|||||||N||||||N||||||||||||||||N||||||100019048933-92003
|100019048933|102003|C|Other|Gmac Mortgage, Llc||7.5|7.5|52000.0||39163.48|180|121999|22000|45.0|135.0|113.0|12015.0|95.0|||||||P|SF|1|P|FL|36740|347|30.0|FRM|N||||00||N|||||||||||||||||||||||||||||||1.0|N|||||||N||||||N||||||||||||||||N||||||100019048933-102003
|100019048933|112003|C|Other|Gmac Mortgage, Llc||7.5|7.5|52000.0||38823.89|180|121999|22000|46.0|134.0|112.0|12015.0|95.0|||||||P|SF|1|P|FL|36740|347|30.0|FRM|N||||00||N|||||||||||||||||||||||||||||||1.0|N|||||||N||||||N||||||||||||||||N||||||100019048933-112003
|100019048933|122003|C|Other|Gmac Mortgage, Llc||7.5|7.5|52000.0||38482.18|180|121999|22000|47.0|133.0|110.0|12015.0|95.0|||||||P|SF|1|P|FL|36740|347|30.0|FRM|N||||00||N|||||||||||||||||||||||||||||||1.0|N|||||||N||||||N||||||||||||||||N||||||100019048933-122003
|100019048933|12004|C|Other|Gmac Mortgage, Llc||7.5|7.5|52000.0||38138.33|180|121999|22000|48.0|132.0|109.0|12015.0|95.0|||||||P|SF|1|P|FL|36740|347|30.0|FRM|N||||00||N|||||||||||||||||||||||||||||||1.0|N|||||||N||||||N||||||||||||||||N||||||100019048933-12004
|100019048933|22004|C|Other|Gmac Mortgage, Llc||7.5|7.5|52000.0||37792.33|180|121999|22000|49.0|131.0|108.0|12015.0|95.0|||||||P|SF|1|P|FL|36740|347|30.0|FRM|N||||00||N|||||||||||||||||||||||||||||||1.0|N|||||||N||||||N||||||||||||||||N||||||100019048933-22004
|100019048933|32004|C|Other|Gmac Mortgage, Llc||7.5|7.5|52000.0||37444.17|180|121999|22000|50.0|130.0|106.0|12015.0|95.0|||||||P|SF|1|P|FL|36740|347|30.0|FRM|N||||00||N|||||||||||||||||||||||||||||||1.0|N|||||||N||||||N||||||||||||||||N||||||100019048933-32004
|100019048933|42004|C|Other|||7.5||52000.0||0.0|180|121999|22000|||||95.0|||||||P|SF|1|P|FL|36740|347|30.0|FRM|N||||XX||||1.0|42004.0|37444.17|||||||||||||||||||||||||||1.0||||||||N||||||N||||||||||||||||N||N||||100019048933-42004
|100020205696|12000|R|First Tennessee Bank National Association|||7.625|7.625|225000.0||0.0|360|71999|91999|5.0|355.0|352.0|82029.0|64.0||2.0|21.0|793.0|770.0|N|P|SF|1|P|WA|42660|980||FRM|N||||00||N||||||||||||||||||||||||||||||||N|||||||N||||||N||||||||||||||||N||||||100020205696-12000
|100020205696|22000|R|First Tennessee Bank National Association|||7.625|7.625|225000.0||0.0|360|71999|91999|6.0|354.0|350.0|82029.0|64.0||2.0|21.0|793.0|770.0|N|P|SF|1|P|WA|42660|980||FRM|N||||00||N||||||||||||||||||||||||||||||||N|||||||N||||||N||||||||||||||||N||||||100020205696-22000
